{
  "height": 144.352422907489,
  "id": 118002445,
  "tabOrder": 1000,
  "width": 330.431718061674,
  "x": 864.98678414096912,
  "y": 469.14537444933922,
  "z": 2000
}