{
  "height": 719.50660792951544,
  "id": 118002447,
  "tabOrder": -9999000,
  "width": 45.110132158590311,
  "x": 230.06167400881057,
  "y": 0,
  "z": 0
}